OBJECTID_1,AGE,RACE,SEX,TYPE,DATE_,UNIT,ACTION,STATUS,LONG_,LAT
1,51,Black,Female,ABUSE OF AUTHORITY,1297123200000,Airport,Reject,Closed,-75.229307,39.894728
2,45,Black,Male,ABUSE OF AUTHORITY,1306281600000,Airport,Accept,Closed,-75.229307,39.894728
3,38,Black,Female,ABUSE OF AUTHORITY,1305158400000,DET,Accept,Open,-75.23351,39.970535
4,33,Black,Female,NOT CLASSIFIED,1272844800000,UNKNOWN,REJECT,Closed,-75.158592,39.950636
5,43,Black,Female,ABUSE OF AUTHORITY,1294272000000,UNKNOWN,REJECT,Closed,-75.197687,40.015849
6,27,Black,Male,DRUG INVESTIGATIONS,1304380800000,UNKNOWN,Reject,Closed,-75.160347,40.0657
7,49,Black,Male,LACK OF SERVICE,1306195200000,UNKNOWN,Reject,Closed,-75.153429,40.031046
8,44,Hispanic,Female,PHYSICAL ABUSE,1310688000000,UNKNOWN,Accept,Open,-75.128599,40.001902
9,35,Black,Female,POLICE SHOOTINGS,1312934400000,UNKNOWN,Accept,Open,-75.116328,39.989788
10,50,Black,Female,ABUSE OF AUTHORITY,1323993600000,UNKNOWN,NoJurisdiction,Closed,-75.241577,39.926613
11,50,Black,Female,ABUSE OF AUTHORITY,1323993600000,UNKNOWN,NoJurisdiction,Closed,-75.241577,39.926613
12,56,White,Female,ABUSE OF AUTHORITY,1348531200000,UNKNOWN,AUDIT,Open,-75.0437,40.084558
13,18,Black,Male,ABUSE OF AUTHORITY,1237161600000,District 1,REJECT,Closed,-75.18689,39.924038
14,19,White,Male,ABUSE OF AUTHORITY,1241568000000,District 1,REJECT,Closed,-75.172287,39.914297
15,30,White,Female,ABUSE OF AUTHORITY,1243296000000,District 1,AUDIT,Closed,-75.179078,39.921601
16,33,Black,Male,ABUSE OF AUTHORITY,1243814400000,District 1,REJECT,Closed,-75.18689,39.924038
17,30,White,Male,LACK OF SERVICE,1243814400000,District 1,AUDIT,Closed,-75.183298,39.924889
18,47,White,Female,ABUSE OF AUTHORITY,1246838400000,District 1,REJECT,Closed,-75.178977,39.928477
19,53,Black,Male,PHYSICAL ABUSE,1264982400000,District 1,ACCEPT,Open,-75.170571,39.923172
20,63,Black,Female,PHYSICAL ABUSE,1269993600000,District 1,AUDIT,Closed,-75.186979,39.921923
21,41,Black,Male,ABUSE OF AUTHORITY,1275523200000,District 1,AUDIT,Closed,-75.182771,39.926021
22,29,Black,Female,ABUSE OF AUTHORITY,1276560000000,District 1,NAR,Closed,-75.174633,39.91714
23,48,White,Female,ABUSE OF AUTHORITY,1277251200000,District 1,WITHDRAWN,Closed,-75.186081,39.918659
24,52,Black,Female,VERBAL ABUSE,1281312000000,District 1,REJECT,Closed,-75.191008,39.927118
25,31,Black,Male,ABUSE OF AUTHORITY,1291248000000,District 1,ACCEPT,Closed,-75.174601,39.917177
26,58,Black,Female,NOT CLASSIFIED,1314921600000,District 1, , ,-75.179913,39.926914
27,53,White,Female,PHYSICAL ABUSE,1315785600000,District 1,Reject,Closed,-75.166582,39.907111
28,46,White,Male,ABUSE OF AUTHORITY,1342051200000,District 1,AUDIT,OPEN,-75.173758,39.921104
29,54,Black,Female,ABUSE OF AUTHORITY,1348790400000,District 1,AUDIT,Open,-75.183594,39.924926
30,24,Black,Male,ABUSE OF AUTHORITY,1232668800000,District 12,ACCEPT,Open,-75.228861,39.924724
31,21,Black,Male,ABUSE OF AUTHORITY,1232668800000,District 12,ACCEPT,Open,-75.228861,39.924724
32,58,Black,Male,ABUSE OF AUTHORITY,1232668800000,District 12,REJECT,Closed,-75.217122,39.932239
33,35,Black,Female,ABUSE OF AUTHORITY,1233187200000,District 12,ACCEPT,Open,-75.233605,39.947352
34,62,Black,Male,NONJURISDICTIONAL,1238457600000,District 12,REJECT,Closed,-75.233828,39.930042
35,46,Black,Male,PHYSICAL ABUSE,1238457600000,District 12,ACCEPT,Open,-75.229122,39.925203
36,18,Black,Male,ABUSE OF AUTHORITY,1239926400000,District 12,REJECT,Closed,-75.232153,39.954263
37,39,Black,Female,ABUSE OF AUTHORITY,1240272000000,District 12,ACCEPT,Open,-75.227694,39.921835
38,39,Black,Female,ABUSE OF AUTHORITY,1241049600000,District 12,ACCEPT,Open,-75.245761,39.910956
39,57,Black,Female,ABUSE OF AUTHORITY,1241049600000,District 12,REJECT,Closed,-75.244956,39.900376
40,37,Black,Male,ABUSE OF AUTHORITY,1242000000000,District 12,ACCEPT,Open,-75.230293,39.932466
41,25,Black,Male,ABUSE OF AUTHORITY,1242000000000,District 12,ACCEPT,Open,-75.230293,39.932466
42,43,Black,Male,PHYSICAL ABUSE,1244505600000,District 12,AUDIT,Closed,-75.231145,39.933246
43,29,Black,Female,ABUSE OF AUTHORITY,1245110400000,District 12,REJECT,Closed,-75.22177,39.941828
44,40,Black,Male,ABUSE OF AUTHORITY,1245628800000,District 12,AUDIT,Closed,-75.221864,39.938393
45,20,Black,Female,ABUSE OF AUTHORITY,1245628800000,District 12,REJECT,Closed,-75.220456,39.938734
46,39,Black,Male,ABUSE OF AUTHORITY,1246406400000,District 12,ACCEPT,Open,-75.221368,39.942628
47,36,Black,Female,PHYSICAL ABUSE,1246579200000,District 12,ACCEPT,Open,-75.235035,39.941475
48,67,Black,Female,PHYSICAL ABUSE,1274054400000,District 12,ACCEPT,Open,-75.222363,39.938747
49,25,Black,Male,PHYSICAL ABUSE,1274659200000,District 12,ACCEPT,Open,-75.233017,39.939653
50,48,Hispanic,Male,ABUSE OF AUTHORITY,1278460800000,District 12,REJECT,Closed,-75.139298,39.973769
51,18,Black,Female,ABUSE OF AUTHORITY,1283472000000,District 12,REJECT,Closed,-75.220222,39.943416
52,33,Black,Female,PHYSICAL ABUSE,1285027200000,District 12,AUDIT,Open,-75.227188,39.922307
53,23,Black,Male,PHYSICAL ABUSE,1285113600000,District 12,ACCEPT,Open,-75.246309,39.917177
54,33,Black,Male,ABUSE OF AUTHORITY,1289779200000,District 12,ACCEPT,Closed,-75.241427,39.920518
55,51,Black,Female,PHYSICAL ABUSE,1292284800000,District 12,REJECT,Closed,-75.222094,39.936805
56,56,Black,Male,ABUSE OF AUTHORITY,1295395200000,District 12,REJECT,Closed,-75.24425,39.92055
57,50,Black,Female,ABUSE OF AUTHORITY,1300060800000,District 12,Audit,Closed,-75.230586,39.931543
58,24,Black,Male,ABUSE OF AUTHORITY,1300060800000,District 12,Reject,Closed,-75.23388,39.925843
59,51,Black,Female,PHYSICAL ABUSE,1301011200000,District 12,Reject,Closed,-75.229125,39.933284
60,47,Black,Female,PHYSICAL ABUSE,1310083200000,District 12,Accept,Closed,-75.237454,39.928222
61,24,Black,Female,PHYSICAL ABUSE,1310601600000,District 12,Accept,Closed,-75.237454,39.928222
62,38,Black,Female,PHYSICAL ABUSE,1316390400000,District 12,Accept,Open,-75.234889,39.927927
63,20,Black,Male,ABUSE OF AUTHORITY,1316390400000,District 12,Reject,Closed,-75.233101,39.926453
64,20,Black,Female,ABUSE OF AUTHORITY,1316476800000,District 12,NAR,Closed,-75.233101,39.926453
65,21,Black,Female,ABUSE OF AUTHORITY,1319155200000,District 12,Audit,Open,-75.234328,39.925574
66,33,Black,Male,VERBAL ABUSE,1328140800000,District 12,ACCEPT,OPEN,-75.242834,39.911273
67,26,Black,Male,PHYSICAL ABUSE,1329955200000,District 12,AUDIT,Open,-75.234328,39.925574
68,49,Black,Female,PHYSICAL ABUSE,1329955200000,District 12,REJECT,Closed,-75.229255,39.931776
69,49,Black,Male,ABUSE OF AUTHORITY,1330473600000,District 12,WITHDRAWN,CLOSED,-75.219671,39.930452
70,39,Black,Male,THEFT,1342569600000,District 12,ACCEPT,Open,-75.208702,39.9183
71,47,Black,Male,ABUSE OF AUTHORITY,1347926400000,District 12,ACCEPT,Open,-75.221305,39.925157
72,44,Black,Female,ABUSE OF AUTHORITY,1236038400000,District 14,REJECT,Closed,-75.15561,40.070194
73,51,Black,Male,ABUSE OF AUTHORITY,1238025600000,District 14,REJECT,Closed,-75.151722,40.060307
74,42,Black,Male,ABUSE OF AUTHORITY,1242345600000,District 14,REJECT,Closed,-75.152335,40.062978
75,45,Black,Female,ABUSE OF AUTHORITY,1242777600000,District 14,REJECT,Closed,-75.172795,40.043348
76,29,Black,Female,ABUSE OF AUTHORITY,1245110400000,District 14,AUDIT,Closed,-75.150965,40.065507
77,0, , ,NO MISCONDUCT,1245283200000,District 14,REJECT,Closed,-75.160692,40.065209
78,54,Black,Female,PHYSICAL ABUSE,1258329600000,District 14,ACCEPT,Open,-75.177671,40.037825
79,41,Black,Male,ABUSE OF AUTHORITY,1262736000000,District 14,AUDIT,Open,-75.141843,40.059949
80,43,Black,Female,ABUSE OF AUTHORITY,1265328000000,District 14,REJECT,Closed,-75.163124,40.060733
81,46,Black,Male,ABUSE OF AUTHORITY,1276214400000,District 14,ACCEPT,Closed,-75.174276,40.079109
82,30,Asian,Male,NOT CLASSIFIED,1280707200000,District 14,ACCEPT,Closed,-75.167048,40.06051
83,50,Black,Male,ABUSE OF AUTHORITY,1283990400000,District 14,NON-JURISDICTIONAL,Closed,-75.168493,40.075676
84,81,Black,Male,PHYSICAL ABUSE,1285027200000,District 14,REJECT,Closed,-75.174945,40.065549
85,31,Black,Male,PHYSICAL ABUSE,1297036800000,District 14,ACCEPT,Open,-75.165947,40.046241
86,51,Black,Male,ABUSE OF AUTHORITY,1300924800000,District 14,Reject,Closed,-75.174573,40.029246
87,19,Black,Female,ABUSE OF AUTHORITY,1308700800000,District 14,Accept,Open,-75.153514,40.064287
88,41,Black,Female,ABUSE OF AUTHORITY,1314662400000,District 14,Reject,Open,-75.184562,40.056569
89,37,Black,Male,ABUSE OF AUTHORITY,1343088000000,District 14,REJECT,Closed,-75.17652,40.076783
90,30,Black,Male,ABUSE OF AUTHORITY,1232496000000,District 15,ACCEPT,Open,-75.080915,40.019702
91,28,White,Male,PHYSICAL ABUSE,1236124800000,District 15,ACCEPT,Open,-75.048833,40.037713
92,24,White,Female,PHYSICAL ABUSE,1236556800000,District 15,ACCEPT,Open,-75.038375,40.03762
93,48,White,Female,ABUSE OF AUTHORITY,1238457600000,District 15,REJECT,Closed,-75.042528,40.023262
94,18,Black,Male,ABUSE OF AUTHORITY,1242086400000,District 15,ACCEPT,Open,-75.081226,40.024311
95,48,Hispanic,Female,ABUSE OF AUTHORITY,1244160000000,District 15,REJECT,Closed,-75.059636,40.024926
96,43,Black,Female,ABUSE OF AUTHORITY,1245196800000,District 15,ACCEPT,Open,-75.087178,40.015793
97,34,Black,Female,ABUSE OF AUTHORITY,1248825600000,District 15,AUDIT,Open,-75.088343,40.021138
98,52,Black,Female,LACK OF SERVICE,1269302400000,District 15,AUDIT,Closed,-75.088959,40.027497
99,42,Black,Female,ABUSE OF AUTHORITY,1269561600000,District 15,REJECT,Closed,-75.058849,40.023843
100,49,Black,Male,PHYSICAL ABUSE,1272412800000,District 15,ACCEPT,Open,-75.070917,40.012443
101,45,White,Female,PHYSICAL ABUSE,1272412800000,District 15,ACCEPT,Open,-75.070917,40.012443
102,22,Black,Male,PHYSICAL ABUSE,1272412800000,District 15,ACCEPT,Closed,-75.070917,40.012443
103,34,Black,Male,PHYSICAL ABUSE,1272412800000,District 15,ACCEPT,Closed,-75.070917,40.012443
104,31,Black,Female,ABUSE OF AUTHORITY,1273708800000,District 15,AUDIT,Closed,-75.076519,40.01655
105,70,Black,Female,ABUSE OF AUTHORITY,1274400000000,District 15,AUDIT,Open,-75.058849,40.023843
106,57,White,Male,ABUSE OF AUTHORITY,1275955200000,District 15,REJECT,Closed,-75.046213,40.031505
107,35,Hispanic,Male,VERBAL ABUSE,1279238400000,District 15,ACCEPT,Open,-75.027466,40.03329
108,36,Black,Female,LACK OF SERVICE,1280793600000,District 15,ACCEPT,Closed,-75.073296,40.012545
109,58,White,Female,ABUSE OF AUTHORITY,1281312000000,District 15,NAR,Closed,-75.031103,40.034381
110,50,White,Male,PHYSICAL ABUSE,1281571200000,District 15,ACCEPT,Open,-75.079855,39.996794
111,42,Black,Female,PHYSICAL ABUSE,1285718400000,District 15,AUDIT,Open,-75.047408,40.040438
112,43,Black,Male,ABUSE OF AUTHORITY,1286496000000,District 15,AUDIT,Open,-75.106133,40.029292
113,49,Black,Male,NOT CLASSIFIED,1287619200000,District 15,ACCEPT,Open,-75.045298,40.02418
114,38,Black,Female,PHYSICAL ABUSE,1288310400000,District 15,ACCEPT, ,-75.082663,40.009996
115,50,Black,Male,PHYSICAL ABUSE,1288310400000,District 15,ACCEPT, ,-75.082663,40.009996
116,21,White,Male,PHYSICAL ABUSE,1288742400000,District 15,ACCEPT,Closed,-75.06319,40.031568
117,42,Black,Male,ABUSE OF AUTHORITY,1291680000000,District 15,REJECT,Closed,-75.064705,40.025613
118,39,Black,Female,ABUSE OF AUTHORITY,1296518400000,District 15,ACCEPT,Open,-75.08134,40.022396
119,33,White,Male,ABUSE OF AUTHORITY,1297036800000,District 15,REJECT,Closed,-75.077282,40.00749
120,40,Black,Female,PHYSICAL ABUSE,1297036800000,District 15,ACCEPT,Open,-75.078164,40.022363
121,52,White,Female,PHYSICAL ABUSE,1307318400000,District 15,Reject,Closed,-75.055873,40.020831
122,61,Black,Male,ABUSE OF AUTHORITY,1312243200000,District 15,Reject,Closed,-75.079545,40.010765
123,47,Black,Male,ABUSE OF AUTHORITY,1335139200000,District 15,REJECT,Closed,-75.06319,40.031568
124,39,Black,Male,PHYSICAL ABUSE,1344470400000,District 15,REJECT,Closed,-75.075126,40.029071
125,39,Black,Male,ABUSE OF AUTHORITY,1346025600000,District 15,AUDIT,Open,-75.031561,40.039961
126,48,Black,Female,ABUSE OF AUTHORITY,1355961600000,District 15,AUDIT,Open,-75.082946,40.029916
127,50,Black,Female,ABUSE OF AUTHORITY,1233532800000,District 16,AUDIT,Closed,-75.206776,39.968104
128,60,Black,Female,POLICE SHOOTINGS,1239753600000,District 16,ACCEPT,Open,-75.233161,39.973542
129,33,Black,Female,ABUSE OF AUTHORITY,1244764800000,District 16,REJECT,Closed,-75.199242,39.973235
130,50,Black,Male,PHYSICAL ABUSE,1245196800000,District 16,ACCEPT,Open,-75.203578,39.964436
131,44,White,Female,LACK OF SERVICE,1245628800000,District 16,REJECT,Closed,-75.220951,39.967554
132,33,Black,Male,ABUSE OF AUTHORITY,1245801600000,District 16,ACCEPT,Open,-75.220951,39.967554
133,33,Black,Female,ABUSE OF AUTHORITY,1247443200000,District 16,REJECT,Closed,-75.200137,39.961964
134,24,Black,Female,PHYSICAL ABUSE,1251676800000,District 16,ACCEPT,Open,-75.220305,39.965912
135,48,White,Female,NO MISCONDUCT,1254355200000,District 16,REJECT,Closed,-75.183335,39.95482
136,76,Black,Male,ABUSE OF AUTHORITY,1256688000000,District 16,REJECT,Closed,-75.206468,39.960012
137,50,Black,Male,ABUSE OF AUTHORITY,1278374400000,District 16,REJECT,Closed,-75.216836,39.962711
138,33,Black,Male,ABUSE OF AUTHORITY,1290988800000,District 16,ACCEPT,Closed,-75.203588,39.959054
139,42,Black,Female,ABUSE OF AUTHORITY,1320624000000,District 16,NAR,Closed,-75.202641,39.971939
140,29,Black,Female,PHYSICAL ABUSE,1327017600000,District 16,ACCEPT,CLOSED,-75.127103,39.971352
141,18,White,Female,ABUSE OF AUTHORITY,1345507200000,District 16,ACCEPT,Open,-75.205879,39.977057
142,25,Black,Male,ABUSE OF AUTHORITY,1231977600000,District 17,ACCEPT,Open,-75.16955,39.940434
143,41,Black,Male,ABUSE OF AUTHORITY,1233014400000,District 17,REJECT,Closed,-75.163377,39.936479
144,44,Black,Female,ABUSE OF AUTHORITY,1234828800000,District 17,ACCEPT,Open,-75.179608,39.934428
145,17,Black,Male,ABUSE OF AUTHORITY,1238976000000,District 17,ACCEPT,Open,-75.132133,40.038246
146,17,Black,Male,PHYSICAL ABUSE,1239235200000,District 17,ACCEPT,Open,-75.17163,39.930896
147,44,Black,Male,ABUSE OF AUTHORITY,1239235200000,District 17,ACCEPT,Open,-75.183455,39.932383
148,42,Black,Female,ABUSE OF AUTHORITY,1243555200000,District 17,ACCEPT,Open,-75.178796,39.933122
149,49,Black,Male,PHYSICAL ABUSE,1244160000000,District 17,REJECT,Closed,-75.178825,39.931793
150,45,Black,Male,PHYSICAL ABUSE,1247788800000,District 17,ACCEPT,Open,-75.173729,39.928662
151,47,Black,Female,PHYSICAL ABUSE,1252540800000,District 17,ACCEPT,Open,-75.227344,39.976264
152,30,Black,Female,ABUSE OF AUTHORITY,1271635200000,District 17,AUDIT,Open,-75.179327,39.936365
153,28,Black,Male,PHYSICAL ABUSE,1280448000000,District 17,REJECT,Closed,-75.179555,39.933179
154,0,Black,Male,ABUSE OF AUTHORITY,1299024000000,District 17,Reject,Closed,-75.184185,39.935035
155,43,Black,Male,ABUSE OF AUTHORITY,1300838400000,District 17,Reject,Closed,-75.180949,39.934573
156,43,Black,Female,ABUSE OF AUTHORITY,1303948800000,District 17,Audit,Closed,-75.176761,39.929848
157,25,Black,Male,ABUSE OF AUTHORITY,1304208000000,District 17,REJECT,Closed,-75.198183,39.939607
158,53,Black,Female,ABUSE OF AUTHORITY,1307577600000,District 17,Audit,Closed,-75.171229,39.932968
159,40,Black,Female,ABUSE OF AUTHORITY,1313712000000,District 17,Audit,Closed,-75.192958,39.929549
160,24,White,Male,ABUSE OF AUTHORITY,1315267200000,District 17,Accept,Closed,-75.175845,39.941222
161,54,Black,Female,PHYSICAL ABUSE,1345075200000,District 17,ACCEPT,Open,-75.167824,39.94494
162,0,Black,Male,PHYSICAL ABUSE,1345507200000,District 17,ACCEPT,Open,-75.167824,39.94494
163,31,Black,Female,ABUSE OF AUTHORITY,1231200000000,District 18,AUDIT,Closed,-75.20809,39.943797
164,37,Black,Female,LACK OF SERVICE,1237248000000,District 18,AUDIT,Open,-75.240778,39.952194
165,28,Black,Male,ABUSE OF AUTHORITY,1238976000000,District 18,ACCEPT,Open,-75.239328,39.954569
166,33,Black,Female,PHYSICAL ABUSE,1242259200000,District 18,ACCEPT,Open,-75.218134,39.953615
167,55,White,Male,PHYSICAL ABUSE,1242604800000,District 18,ACCEPT,Open,-75.199623,39.956862
168,37,Black,Female,PHYSICAL ABUSE,1242691200000,District 18,REJECT,Closed,-75.232153,39.954263
169,43,Black,Male,PHYSICAL ABUSE,1243382400000,District 18,ACCEPT,Open,-75.229969,39.954481
170,49,Black,Female,NO MISCONDUCT,1243555200000,District 18,REJECT,Closed,-75.232153,39.954263
171,40,Black,Male,NO MISCONDUCT,1243814400000,District 18,REJECT,Closed,-75.241244,39.961978
172,50,Black,Female,ABUSE OF AUTHORITY,1245888000000,District 18,ACCEPT,Open,-75.214345,39.955529
173,28,Black,Female,ABUSE OF AUTHORITY,1246492800000,District 18,ACCEPT,Open,-75.20259,39.954114
174,31,Black,Male,ABUSE OF AUTHORITY,1249257600000,District 18,REJECT,Closed,-75.245183,39.960173
175,31,Black,Female,ABUSE OF AUTHORITY,1249948800000,District 18,REJECT,Closed,-75.242777,39.961752
176,59,Black,Male,ABUSE OF AUTHORITY,1265068800000,District 18,REJECT,Closed,-75.232153,39.954263
177,31,White,Male,ABUSE OF AUTHORITY,1268179200000,District 18,NAR,Closed,-75.214919,39.949747
178,21,Black,Male,ABUSE OF AUTHORITY,1274400000000,District 18,NAR,Closed,-75.22654,39.952002
179,31,White,Male,ABUSE OF AUTHORITY,1285200000000,District 18,NAR,Closed,-75.209838,39.956345
180,30,Black,Female,ABUSE OF AUTHORITY,1287014400000,District 18,ACCEPT,Open,-75.229405,39.937806
181,50,Black,Male,ABUSE OF AUTHORITY,1288224000000,District 18,REJECT,Closed,-75.231675,39.956545
182,26,Black,Male,ABUSE OF AUTHORITY,1288915200000,District 18,ACCEPT,Open,-75.201955,39.95715
183,26,Black,Male,PHYSICAL ABUSE,1292803200000,District 18,ACCEPT,Open,-75.21292,39.949066
184,53,Black,Male,ABUSE OF AUTHORITY,1308614400000,District 18,Reject,Closed,-75.231776,39.956324
185,56,Black,Male,ABUSE OF AUTHORITY,1308787200000,District 18, , ,-75.224868,39.960007
186,34,Black,Male,ABUSE OF AUTHORITY,1309824000000,District 18,Accept,Closed,-75.208477,39.94418
187,15,Black,Male,PHYSICAL ABUSE,1320192000000,District 18,Accept,Open,-75.23996,39.946412
188,53,Black,Male,ABUSE OF AUTHORITY,1335139200000,District 18,REJECT,Closed,-75.226816,39.950989
189,28,Black,Female,ABUSE OF AUTHORITY,1346112000000,District 18,AUDIT,Open,-75.230262,39.952968
190,22,Black,Female,PHYSICAL ABUSE,1346284800000,District 18,ACCEPT,Open,-75.232359,39.953276
191,26,Black,Male,PHYSICAL ABUSE,1231113600000,District 19,ACCEPT,Open,-75.228584,39.960505
192,27,Black,Male,PHYSICAL ABUSE,1231200000000,District 19,AUDIT,Closed,-75.240025,39.95577
193,30,Black,Female,ABUSE OF AUTHORITY,1231718400000,District 19,AUDIT,Closed,-75.243537,39.964986
194,45,Black,Female,ABUSE OF AUTHORITY,1232668800000,District 19,REJECT,Closed,-75.250198,39.979459
195,34,Black,Male,ABUSE OF AUTHORITY,1233014400000,District 19,REJECT,Closed,-75.243467,39.968548
196,55,Black,Female,ABUSE OF AUTHORITY,1236124800000,District 19,ACCEPT,Open,-75.227944,39.988463
197,55,Black,Male,PHYSICAL ABUSE,1237939200000,District 19,ACCEPT,Open,-75.235193,39.971283
198,21,Black,Female,PHYSICAL ABUSE,1238457600000,District 19,ACCEPT,Open,-75.231241,39.962808
199,40,American Indian,Female,LACK OF SERVICE,1240876800000,District 19,REJECT,Closed,-75.240917,39.970899
200,27,Black,Male,PHYSICAL ABUSE,1243900800000,District 19,ACCEPT,Open,-75.239479,39.968099
201,26,Black,Male,ABUSE OF AUTHORITY,1243900800000,District 19,ACCEPT,Open,-75.228736,39.971109
202,41,Black,Male,ABUSE OF AUTHORITY,1246406400000,District 19,ACCEPT,Open,-75.226766,39.977212
203,20,Black,Male,ABUSE OF AUTHORITY,1252540800000,District 19,REJECT,Closed,-75.227344,39.976264
204,29,Black,Male,PHYSICAL ABUSE,1252886400000,District 19,ACCEPT,Open,-75.239924,39.972049
205,18,Black,Female,PHYSICAL ABUSE,1257724800000,District 19,ACCEPT,Open,-75.229771,39.966129
206,20,Black,Female,PHYSICAL ABUSE,1257724800000,District 19,ACCEPT,Open,-75.229771,39.966129
207,33,Black,Male,ABUSE OF AUTHORITY,1269993600000,District 19,AUDIT,Closed,-75.226612,39.977451
208,31,Black,Male,ABUSE OF AUTHORITY,1275609600000,District 19,ACCEPT,Closed,-75.224591,39.964897
209,41,Black,Male,PHYSICAL ABUSE,1281484800000,District 19,AUDIT,Open,-75.226233,39.963293
210,60,Black,Female,THEFT,1282003200000,District 19,REJECT,Closed,-75.233185,39.97975
211,59,Hispanic,Female,ABUSE OF AUTHORITY,1283904000000,District 19,REJECT,Closed,-75.263791,39.972111
212,22,Black,Male,PHYSICAL ABUSE,1285804800000,District 19,ACCEPT,Open,-75.221164,40.003658
213,22,Black,Male,PHYSICAL ABUSE,1285804800000,District 19,ACCEPT,Open,-75.221164,40.003658
214,22,Black,Male,PHYSICAL ABUSE,1288828800000,District 19,ACCEPT,Open,-75.236305,39.969937
215,31,Black,Female,ABUSE OF AUTHORITY,1289347200000,District 19,AUDIT,Open,-75.254149,39.979584
216,21,Black,Female,POLICE SHOOTINGS,1294876800000,District 19,ACCEPT,Open,-75.225817,39.968116
217,46,Black,Female,ABUSE OF AUTHORITY,1295913600000,District 19,AUDIT, ,-75.231281,39.963052
218,37,Black,Male,ABUSE OF AUTHORITY,1300924800000,District 19,Reject,Closed,-75.216222,39.98773
219,28,Black,Male,ABUSE OF AUTHORITY,1305072000000,District 19,Accept,Open,-75.229263,39.989656
220,57,Black,Male,ABUSE OF AUTHORITY,1310688000000,District 19,Reject,Closed,-75.22804,39.971144
221,38,Black,Male,ABUSE OF AUTHORITY,1316131200000,District 19,Reject,Closed,-75.229263,39.989656
222,22,Black,Female,ABUSE OF AUTHORITY,1335139200000,District 19,REJECT,Closed,-75.245541,39.975331
223,55,Black,Female,PHYSICAL ABUSE,1342396800000,District 19,ACCEPT,OPEN,-75.232037,39.968121
224,51,Black,Male,LACK OF SERVICE,1354147200000,District 19,REJECT,Closed,-75.226069,39.9769
225,42,Black,Male,ABUSE OF AUTHORITY,1355356800000,District 19,ACCEPT,Open,-75.2026,40.004052
226,33,Black,Female,ABUSE OF AUTHORITY,1240531200000,District 2,REJECT,Closed,-75.085138,40.041792
227,38,Black,Female,ABUSE OF AUTHORITY,1242259200000,District 2,REJECT,Closed,-75.073246,40.041505
228,35,White,Female,ABUSE OF AUTHORITY,1243468800000,District 2,ACCEPT,Open,-75.111163,40.035618
229,42,Black,Female,VERBAL ABUSE,1258329600000,District 2,REJECT,Closed,-75.073256,40.055331
230,47,Black,Female,LACK OF SERVICE,1271721600000,District 2,REJECT,Closed,-75.088461,40.035294
231,46,White,Female,ABUSE OF AUTHORITY,1276214400000,District 2,ACCEPT,Closed,-75.078444,40.070457
232,23,Black,Female,PHYSICAL ABUSE,1277164800000,District 2,ACCEPT,Open,-75.087398,40.035537
233,29,Asian,Female,LACK OF SERVICE,1279497600000,District 2,ACCEPT,Closed,-75.067928,40.04609
234,30,Black,Female,ABUSE OF AUTHORITY,1283904000000,District 2,REJECT,Closed,-75.098524,40.041745
235,56,White,Male,PHYSICAL ABUSE,1315440000000,District 2,Audit,Open,-75.087613,40.049029
236,33,Black,Male,ABUSE OF AUTHORITY,1318291200000,District 2,NAR,Cloed,-75.088709,40.037952
237,49,Black,Female,ABUSE OF AUTHORITY,1332892800000,District 2,REJECT,Closed,-75.088435,40.035279
238,36,Black,Female,ABUSE OF AUTHORITY,1337731200000,District 2,AUDIT,OPEN,-75.078011,40.038828
239,39,Black,Male,ABUSE OF AUTHORITY,1237248000000,District 22,REJECT,Closed,-75.174115,39.990269
240,0,Black,Male,ABUSE OF AUTHORITY,1241049600000,District 22,ACCEPT,Open,-75.158801,39.989785
241,47,Black,Female,ABUSE OF AUTHORITY,1243814400000,District 22,ACCEPT,Open,-75.16652,39.989496
242,31,Black,Female,ABUSE OF AUTHORITY,1248912000000,District 22,AUDIT,Open,-75.161146,39.98642
243,31,Black,Male,ABUSE OF AUTHORITY,1249603200000,District 22,AUDIT,Closed,-75.177367,39.98414
244,54,Black,Female,ABUSE OF AUTHORITY,1251331200000,District 22,REJECT,Closed,-75.176974,39.993717
245,52,Black,Male,ABUSE OF AUTHORITY,1253836800000,District 22,ACCEPT,Open,-75.170604,39.985018
246,40,Black,Male,LACK OF SERVICE,1263168000000,District 22,REJECT,Closed,-75.157916,39.978709
247,0,Black,Male,ABUSE OF AUTHORITY,1264723200000,District 22,REJECT,Closed,-75.151491,39.990374
248,17,Black,Female,ABUSE OF AUTHORITY,1268611200000,District 22,REJECT,Closed,-75.163817,39.984325
249,42,Black,Female,ABUSE OF AUTHORITY,1271203200000,District 22,ACCEPT,Open,-75.16236,39.980838
250,31,Black,Female,VERBAL ABUSE,1276214400000,District 22,REJECT,Closed,-75.160031,39.951218
251,24,Black,Female,ABUSE OF AUTHORITY,1277856000000,District 22,REJECT,Closed,-75.167377,39.98036
252,19,Black,Female,LACK OF SERVICE,1279238400000,District 22,NAR,Closed,-75.185859,39.986054
253,20,Black,Male,PHYSICAL ABUSE,1280102400000,District 22,ACCEPT,Open,-75.185859,39.986054
254,50,Black,Male,ABUSE OF AUTHORITY,1284076800000,District 22,ACCEPT,Open,-75.171577,39.992032
255,42,Black,Female,PHYSICAL ABUSE,1292803200000,District 22,ACCEPT,Open,-75.181321,39.99451
256,28,Black,Male,PHYSICAL ABUSE,1292976000000,District 22,ACCEPT,Open,-75.177889,39.978356
257,28,Black,Male,PHYSICAL ABUSE,1292976000000,District 22,ACCEPT,Open,-75.169911,39.977318
258,33,Black,Female,PHYSICAL ABUSE,1293580800000,District 22,ACCEPT,Open,-75.149015,39.989249
259,66,Black,Male,ABUSE OF AUTHORITY,1297209600000,District 22,Reject,Closed,-75.156657,39.984754
260,36,Black,Male,PHYSICAL ABUSE,1297641600000,District 22,Accept,Closed,-75.159481,39.991408
261,37,Black,Female,ABUSE OF AUTHORITY,1300838400000,District 22,Reject,Closed,-75.17035,39.992007
262,51,Black,Female,ABUSE OF AUTHORITY,1301616000000,District 22,Accept,Closed,-75.165702,39.976933
263,28,Black,Male,ABUSE OF AUTHORITY,1303084800000,District 22,Accept,Open,-75.183132,39.987067
264,0,Black,Male,ABUSE OF AUTHORITY,1304899200000,District 22,Accept,Closed,-75.155271,39.990854
265,44,Black,Male,ABUSE OF AUTHORITY,1322611200000,District 22,Accept,Open,-75.178331,39.995327
266,49,Black,Female,PHYSICAL ABUSE,1330905600000,District 22,ACCEPT,OPEN,-75.175041,39.991201
267,65,Black,Male,PHYSICAL ABUSE,1333065600000,District 22,REJECT,Closed,-75.164963,39.987378
268,21,Black,Female,ABUSE OF AUTHORITY,1339632000000,District 22,ACCEPT,OPEN,-75.168249,39.992581
269,62,Black,Female,ABUSE OF AUTHORITY,1342396800000,District 22,REJECT,Closed,-75.158595,39.993547
270,26,Black,Male,ABUSE OF AUTHORITY,1352246400000,District 22,AUDIT,Open,-75.172897,39.978714
271,35,Black,Female,PHYSICAL ABUSE,1233187200000,District 23,ACCEPT,Open,-75.152784,39.969624
272,59,Black,Female,PHYSICAL ABUSE,1237248000000,District 23,REJECT,Closed,-75.183877,39.975147
273,49,Black,Female,ABUSE OF AUTHORITY,1237248000000,District 23,AUDIT,Open,-75.180051,39.975918
274,64,Black,Male,PHYSICAL ABUSE,1239580800000,District 23,ACCEPT,Open,-75.159058,39.973206
275,37,Black,Male,ABUSE OF AUTHORITY,1239840000000,District 23,REJECT,Closed,-75.161614,39.980694
276,43,Black,Female,ABUSE OF AUTHORITY,1244592000000,District 23,REJECT,Closed,-75.171355,39.978252
277,49,Black,Female,ABUSE OF AUTHORITY,1292803200000,District 23,AUDIT,Open,-75.176477,39.97443
278,46,Hispanic,Female,ABUSE OF AUTHORITY,1231891200000,District 24,ACCEPT,Open,-75.152736,39.95501
279,49,Black,Male,ABUSE OF AUTHORITY,1234483200000,District 24,REJECT,Closed,-75.106326,39.988525
280,28,Hispanic,Female,PHYSICAL ABUSE,1235088000000,District 24,REJECT,Closed,-75.104311,39.999255
281,30,Black,Female,ABUSE OF AUTHORITY,1241481600000,District 24,REJECT,Closed,-75.094524,39.994604
282,42,Hispanic,Female,PHYSICAL ABUSE,1247184000000,District 24,REJECT,Closed,-75.108724,39.999034
283,60,Black,Male,ABUSE OF AUTHORITY,1255651200000,District 24,REJECT,Closed,-75.120706,39.989327
284,61,White,Male,ABUSE OF AUTHORITY,1256601600000,District 24,REJECT,Closed,-75.109372,40.005393
285,48,Black,Female,ABUSE OF AUTHORITY,1258416000000,District 24,REJECT,Closed,-75.113228,39.976804
286,33,White,Male,THEFT,1258588800000,District 24,ACCEPT,Open,-75.124477,39.993225
287,53,White,Male,ABUSE OF AUTHORITY,1258675200000,District 24,REJECT,Closed,-75.116409,39.990208
288,37,White,Male,ABUSE OF AUTHORITY,1260316800000,District 24,AUDIT,Closed,-75.114728,39.99979
289,18,Black,Male,ABUSE OF AUTHORITY,1264464000000,District 24,ACCEPT,Open,-75.107305,40.019418
290,26,Hispanic,Female,PHYSICAL ABUSE,1273622400000,District 24,ACCEPT,Closed,-75.124541,39.995309
291,36,Hispanic,Male,PHYSICAL ABUSE,1273622400000,District 24,ACCEPT,Closed,-75.124541,39.995309
292,27,Black,Male,PHYSICAL ABUSE,1282521600000,District 24,ACCEPT,Open,-75.115449,39.996755
293,59,Black,Male,ABUSE OF AUTHORITY,1282694400000,District 24,REJECT,Closed,-75.150811,40.009198
294,56,Black,Female,PHYSICAL ABUSE,1292889600000,District 24,ACCEPT,Open,-75.122561,39.991479
295,21,Hispanic,Male,ABUSE OF AUTHORITY,1320105600000,District 24,Reject,Closed,-75.122451,40.008694
296,0,Black,Female,PHYSICAL ABUSE,1331596800000,District 24,AUDIT,CLOSED,-75.097187,40.001174
297,32,Hispanic,Male,ABUSE OF AUTHORITY,1338422400000,District 24,ACCEPT,OPEN,-75.112162,40.012086
298,26,Hispanic,Male,ABUSE OF AUTHORITY,1339372800000,District 24,ACCEPT,OPEN,-75.118061,39.993416
299,74,White,Male,LACK OF SERVICE,1343606400000,District 24,REJECT,Closed,-75.11705,39.990049
300,51,Black,Male,PHYSICAL ABUSE,1232496000000,District 25,REJECT,Closed,-75.151247,40.00928
301,27,Black,Female,VERBAL ABUSE,1234137600000,District 25,REJECT,Closed,-75.113889,39.999679
302,52,Hispanic,Female,ABUSE OF AUTHORITY,1240444800000,District 25,AUDIT,Closed,-75.12194,39.997639
303,52,Black,Female,ABUSE OF AUTHORITY,1241481600000,District 25,REJECT,Closed,-75.113407,40.024977
304,33,Black,Male,ABUSE OF AUTHORITY,1243382400000,District 25,AUDIT,Closed,-75.139866,39.996745
305,0,Hispanic,Male,ABUSE OF AUTHORITY,1245283200000,District 25,REJECT,Closed,-75.138793,39.995913
306,47,Hispanic,Female,ABUSE OF AUTHORITY,1245628800000,District 25,AUDIT,Closed,-75.147676,39.997802
307,48,White,Male,ABUSE OF AUTHORITY,1249862400000,District 25,REJECT,Closed,-75.122405,40.025496
308,52,Black,Male,ABUSE OF AUTHORITY,1251763200000,District 25,ACCEPT,Open,-75.152174,40.004729
309,46,Black,Male,ABUSE OF AUTHORITY,1253577600000,District 25,REJECT,Closed,-75.137581,40.004324
310,55,Black,Male,ABUSE OF AUTHORITY,1254873600000,District 25,AUDIT,Closed,-75.149267,40.004273
311,51,Black,Male,ABUSE OF AUTHORITY,1263254400000,District 25,ACCEPT,Closed,-75.140862,40.011928
312,42,Hispanic,Male,ABUSE OF AUTHORITY,1266537600000,District 25,ACCEPT,Closed,-75.138182,40.001329
313,21,Black,Male,PHYSICAL ABUSE,1273708800000,District 25,ACCEPT,Closed,-75.138275,40.000956
314,0,Hispanic,Male,PHYSICAL ABUSE,1281657600000,District 25,REJECT,Closed,-75.137852,39.991996
315,61,Black,Male,PHYSICAL ABUSE,1286409600000,District 25,REJECT,Closed,-75.150287,40.007502
316,28,Hispanic,Male,PHYSICAL ABUSE,1286409600000,District 25,ACCEPT,Open,-75.099302,39.992187
317,34,Hispanic,Male,PHYSICAL ABUSE,1288224000000,District 25,ACCEPT,Open,-75.131335,39.994154
318,36,Hispanic,Male,ABUSE OF AUTHORITY,1290988800000,District 25,AUDIT,Closed,-75.121128,39.998042
319,27,Hispanic,Male,PHYSICAL ABUSE,1295395200000,District 25,ACCEPT,Open,-75.137518,40.02113
320,56,Black,Male,ABUSE OF AUTHORITY,1297123200000,District 25,Reject,Closed,-75.059018,40.040593
321,30,Hispanic,Female,PHYSICAL ABUSE,1299024000000,District 25,Accept, ,-75.143217,40.003474
322,48,Hispanic,Female,ABUSE OF AUTHORITY,1303257600000,District 25,Audit,Closed,-75.125229,40.001734
323,36,Black,Female,ABUSE OF AUTHORITY,1320105600000,District 25,NAR,Closed,-75.12845,40.026708
324,52,Black,Female,POLICE SHOOTINGS,1320278400000,District 25,Accept,OPEN,-75.1427,40.01136
325,51,Black,Male,POLICE SHOOTINGS,1322524800000,District 25,Accept,Open,-75.1427,40.01136
326,66,Hispanic,Female,PHYSICAL ABUSE,1322524800000,District 25,Accept,Open,-75.131206,39.994248
327,56,Black,Female,ABUSE OF AUTHORITY,1329350400000,District 25,REJECT,Closed,-75.148476,40.005077
328,30,Black,Male,ABUSE OF AUTHORITY,1331251200000,District 25,REJECT,Closed,-75.116625,40.016959
329,19,Hispanic,Male,PHYSICAL ABUSE,1332288000000,District 25,ACCEPT,CLOSED,-75.143513,39.989835
330,35,Hispanic,Female,VERBAL ABUSE,1339977600000,District 25,REJECT,Closed,-75.161227,39.953128
331,53,Black,Female,PHYSICAL ABUSE,1343174400000,District 25,ACCEPT,Open,-75.144316,40.008355
332,22,Black,Male,PHYSICAL ABUSE,1351123200000,District 25,ACCEPT,Open,-75.14847,40.00177
333,43,White,Male,LACK OF SERVICE,1231113600000,District 26,REJECT,Closed,-75.127103,39.971352
334,24,Asian,Female,LACK OF SERVICE,1231200000000,District 26,REJECT,Closed,-75.13446,39.97902
335,31,Black,Male,ABUSE OF AUTHORITY,1233532800000,District 26,AUDIT,Closed,-75.126344,39.987842
336,20,Hispanic,Female,PHYSICAL ABUSE,1236556800000,District 26,ACCEPT,Open,-75.143045,39.934285
337,22,White,Female,ABUSE OF AUTHORITY,1236902400000,District 26,AUDIT,Open,-75.13261,39.987939
338,19,Hispanic,Male,PHYSICAL ABUSE,1240876800000,District 26,ACCEPT,Open,-75.136508,39.98997
339,25,Hispanic,Male,ABUSE OF AUTHORITY,1242086400000,District 26,ACCEPT,Open,-75.124591,39.97792
340,33,White,Female,ABUSE OF AUTHORITY,1251763200000,District 26,REJECT,Closed,-75.13958,39.969516
341,56,Black,Male,ABUSE OF AUTHORITY,1259020800000,District 26,REJECT,Closed,-75.143797,39.992589
342,0,Black,Female,ABUSE OF AUTHORITY,1271030400000,District 26,AUDIT,Closed,-75.145086,39.983168
343,47,White,Male,PHYSICAL ABUSE,1273449600000,District 26,ACCEPT,Open,-75.141201,39.987517
344,47,Black,Female,ABUSE OF AUTHORITY,1275609600000,District 26,REJECT,Closed,-75.125826,39.974817
345,0,Black,Female,LACK OF SERVICE,1277683200000,District 26,NAR,Closed,-75.125001,39.988487
346,23,Black,Male,PHYSICAL ABUSE,1287360000000,District 26,ACCEPT,Open,-75.148212,39.961278
347,25,Black,Male,PHYSICAL ABUSE,1287619200000,District 26,ACCEPT,Open,-75.148212,39.961278
348,27,Hispanic,Male,ABUSE OF AUTHORITY,1290384000000,District 26,REJECT,Closed,-75.14353,39.97687
349,23,Hispanic,Male,NOT CLASSIFIED,1294790400000,District 26, , ,-75.129643,39.987547
350,46,Black,Female,NOT CLASSIFIED,1295913600000,District 26, , ,-75.146058,39.968944
351,23,Hispanic,Female,ABUSE OF AUTHORITY,1299888000000,District 26,Reject,Closed,-75.141794,39.988167
352,38,Hispanic,Male,PHYSICAL ABUSE,1300060800000,District 26,Accept,Closed,-75.141794,39.988167
353,46,Black,Female,VERBAL ABUSE,1331510400000,District 26,AUDIT,Open,-75.127103,39.971352
354,54,Black,Male,ABUSE OF AUTHORITY,1233014400000,District 3,REJECT,Closed,-75.163309,39.936467
355,0,White,Male,PHYSICAL ABUSE,1240876800000,District 3,REJECT,Closed,-75.149181,39.941621
356,32,White,Female,ABUSE OF AUTHORITY,1242000000000,District 3,REJECT,Closed,-75.166736,39.937506
357,19,Black,Male,PHYSICAL ABUSE,1248134400000,District 3,ACCEPT,Open,-75.157173,39.942655
358,37,White,Female,ABUSE OF AUTHORITY,1248134400000,District 3,AUDIT,Closed,-75.149181,39.941621
359,33,Black,Male,PHYSICAL ABUSE,1248220800000,District 3,ACCEPT,Open,-75.150757,39.94182
360,49,White,Male,ABUSE OF AUTHORITY,1250640000000,District 3,AUDIT,Withdrawn,-75.150757,39.94182
361,59,White,Female,LACK OF SERVICE,1252886400000,District 3,ACCEPT,Open,-75.162228,39.933446
362,47,White,Female,ABUSE OF AUTHORITY,1274832000000,District 3,ACCEPT,Open,-75.158252,39.917781
363,28,Black,Female,VERBAL ABUSE,1278547200000,District 3,AUDIT,Open,-75.161311,39.939457
364,30,Black,Female,ABUSE OF AUTHORITY,1282262400000,District 3,NAR,Closed,-75.161612,39.944189
365,34,White,Female,ABUSE OF AUTHORITY,1282262400000,District 3,ACCEPT,Open,-75.156632,39.940702
366,84,Black,Male,PHYSICAL ABUSE,1327449600000,District 3,ACCEPT,OPEN,-75.148201,39.93965
367,58,Black,Female,ABUSE OF AUTHORITY,1327881600000,District 3,REJECT,Closed,-75.148545,39.935076
368,39,Black,Female,ABUSE OF AUTHORITY,1231977600000,District 35,ACCEPT,Open,-75.123704,40.047348
369,41,Black,Female,ABUSE OF AUTHORITY,1232582400000,District 35,REJECT,Closed,-75.15056,40.06312
370,44,Black,Female,ABUSE OF AUTHORITY,1234310400000,District 35,REJECT,Closed,-75.128567,40.036354
371,25,Black,Female,PHYSICAL ABUSE,1238544000000,District 35,ACCEPT,Open,-75.143548,40.044427
372,39,Black,Female,PHYSICAL ABUSE,1241568000000,District 35,ACCEPT,Open,-75.122463,40.04167
373,40,Black,Female,ABUSE OF AUTHORITY,1241654400000,District 35,ACCEPT,Open,-75.143548,40.044427
374,20,Black,Male,PHYSICAL ABUSE,1258934400000,District 35,ACCEPT,Open,-75.131905,40.05245
375,39,Black,Female,ABUSE OF AUTHORITY,1259539200000,District 35,AUDIT,Closed,-75.123567,40.037888
376,20,Asian,Female,ABUSE OF AUTHORITY,1265068800000,District 35,ACCEPT,Open,-75.124243,40.040414
377,21,Black,Male,ABUSE OF AUTHORITY,1273104000000,District 35,ACCEPT,Closed,-75.139032,40.054737
378,32,Black,Male,ABUSE OF AUTHORITY,1273536000000,District 35,NAR,Closed,-75.146576,40.030639
379,45,Black,Male,ABUSE OF AUTHORITY,1273795200000,District 35,REJECT,Closed,-75.154289,40.022258
380,58,Black,Female,ABUSE OF AUTHORITY,1290384000000,District 35,AUDIT,Open,-75.157148,40.049899
381,51,Black,Female,ABUSE OF AUTHORITY,1299110400000,District 35,Audit,Closed,-75.143548,40.044427
382,36,Multi-Racial,Female,ABUSE OF AUTHORITY,1301270400000,District 35,Reject,Closed,-75.118854,40.028473
383,58,Black,Female,ABUSE OF AUTHORITY,1304467200000,District 35,Audit,SUSPENDED,-75.157148,40.049899
384,28,Black,Female,PHYSICAL ABUSE,1306886400000,District 35,Accept,Closed,-75.125983,40.033123
385,56,Black,Female,POLICE SHOOTINGS,1307404800000,District 35,Accept,OPEN,-75.123354,40.038974
386,47,Black,Male,ABUSE OF AUTHORITY,1318464000000,District 35,Accept,Open,-75.123567,40.044994
387,24,Black,Male,PHYSICAL ABUSE,1327968000000,District 35,WITHDRAWN,CLOSED,-75.133333,40.02353
388,57,Black,Female,ABUSE OF AUTHORITY,1338508800000,District 35,ACCEPT,OPEN,-75.129443,40.033123
389,33,Black,Male,PHYSICAL ABUSE,1231804800000,District 39,REJECT,Closed,-75.172522,40.028048
390,22,Black,Female,PHYSICAL ABUSE,1232668800000,District 39,ACCEPT,Open,-75.206776,39.968104
391,34,Black,Male,PHYSICAL ABUSE,1238544000000,District 39,ACCEPT,Open,-75.171033,40.005173
392,31,Black,Male,LACK OF SERVICE,1239580800000,District 39,REJECT,Closed,-75.168556,40.025338
393,14,Black,Male,ABUSE OF AUTHORITY,1243468800000,District 39,ACCEPT,Open,-75.162803,40.009657
394,24,Black,Male,ABUSE OF AUTHORITY,1244592000000,District 39,REJECT,Closed,-75.16504,40.02898
395,37,Black,Female,ABUSE OF AUTHORITY,1255996800000,District 39,REJECT,Closed,-75.172625,40.002514
396,27,Black,Female,ABUSE OF AUTHORITY,1263513600000,District 39,AUDIT,Open,-75.173849,40.001404
397,49,Black,Male,ABUSE OF AUTHORITY,1264118400000,District 39,REJECT,Closed,-75.204632,40.014369
398,0,Black,Male,ABUSE OF AUTHORITY,1265155200000,District 39,REJECT,Closed,-75.163008,40.009173
399,44,Black,Male,RACIAL PROFILING,1268956800000,District 39,ACCEPT,Closed,-75.16475,40.028922
400,25,Black,Male,PHYSICAL ABUSE,1277683200000,District 39,NAR,Closed,-75.177503,39.996912
401,37,Black,Male,ABUSE OF AUTHORITY,1278374400000,District 39,REJECT,Closed,-75.171692,39.999322
402,35,Black,Male,PHYSICAL ABUSE,1280361600000,District 39,ACCEPT,Open,-75.156922,40.020472
403,43,Black,Male,VERBAL ABUSE,1280707200000,District 39,REJECT,Closed,-75.172933,40.004224
404,38,Black,Male,ABUSE OF AUTHORITY,1316390400000,District 39,Audit,Open,-75.150371,40.020935
405,36,Black,Female,ABUSE OF AUTHORITY,1321315200000,District 39,NAR,Closed,-75.1582,40.007573
406,29,Black,Male,ABUSE OF AUTHORITY,1336003200000,District 39,REJECT,OPEN,-75.110069,39.980201
407,0,Black,Female,NO MISCONDUCT,1249430400000,District 4,REJECT,Closed,-75.166426,39.907133
408,36,Asian,Male,PHYSICAL ABUSE,1258675200000,District 4,ACCEPT,Open,-75.158782,39.920406
409,57,White,Female,ABUSE OF AUTHORITY,1268956800000,District 5,AUDIT,Closed,-75.217953,40.028939
410,52,Black,Male,VERBAL ABUSE,1233878400000,District 6,AUDIT,Closed,-75.161227,39.953128
411,28,Black,Female,ABUSE OF AUTHORITY,1234137600000,District 6,REJECT,Closed,-75.161227,39.953128
412,53,Black,Female,PHYSICAL ABUSE,1234828800000,District 6,AUDIT,Closed,-75.161227,39.953128
413,37,Black,Male,ABUSE OF AUTHORITY,1234915200000,District 6,ACCEPT,Open,-75.152111,39.954931
414,25,Black,Male,ABUSE OF AUTHORITY,1238025600000,District 6,ACCEPT,Open,-75.138987,39.960269
415,23,Black,Female,PHYSICAL ABUSE,1238112000000,District 6,ACCEPT,Open,-75.148265,39.961239
416,49,Black,Male,ABUSE OF AUTHORITY,1239926400000,District 6,REJECT,Closed,-75.154934,39.952365
417,29,Hispanic,Female,VERBAL ABUSE,1242259200000,District 6,REJECT,Closed,-75.156499,39.953532
418,41,Black,Female,ABUSE OF AUTHORITY,1242777600000,District 6,REJECT,Closed,-75.209346,39.959293
419,80,White,Male,LACK OF SERVICE,1246406400000,District 6,REJECT,Closed,-75.158307,39.951715
420,21,White,Male,ABUSE OF AUTHORITY,1253059200000,District 6,REJECT,Closed,-75.150757,39.94182
421,51,Black,Male,ABUSE OF AUTHORITY,1264032000000,District 6,REJECT,Closed,-75.158634,39.950204
422,24,White,Male,PHYSICAL ABUSE,1269216000000,District 6,AUDIT,Closed,-75.141482,39.948029
423,40,Black,Male,PHYSICAL ABUSE,1271721600000,District 6,ACCEPT,Open,-75.141468,39.96056
424,39,Black,Male,ABUSE OF AUTHORITY,1281398400000,District 6,ACCEPT,Open,-75.143159,39.952873
425,23,Black,Male,PHYSICAL ABUSE,1287619200000,District 6,ACCEPT,Open,-75.148212,39.961278
426,80,White,Male,LACK OF SERVICE,1292803200000,District 6,REJECT,Closed,-75.161227,39.953128
427,32,Black,Male,ABUSE OF AUTHORITY,1304640000000,District 6,Rejected,Closed,-75.154771,39.960706
428,24,Black,Male,PHYSICAL ABUSE,1337817600000,District 6,ACCEPT,OPEN,-75.159482,39.946327
429,27,White,Male,ABUSE OF AUTHORITY,1276646400000,District 7,ACCEPT,Open,-75.081076,40.079485
430,50,White,Male,ABUSE OF AUTHORITY,1277856000000,District 7,ACCEPT,Open,-75.077036,40.074426
431,23,White,Male,PHYSICAL ABUSE,1280102400000,District 7,REJECT,Closed,-75.076763,40.074272
432,62,White,Male,ABUSE OF AUTHORITY,1289865600000,District 7,REJECT,Closed,-75.043756,40.084788
433,42,Black,Female,ABUSE OF AUTHORITY,1232668800000,District 8,REJECT,Closed,-74.95943,40.086513
434,41,White,Female,ABUSE OF AUTHORITY,1297296000000,District 8,AUDIT,Open,-74.973765,40.084535
435,22,Black,Female,PHYSICAL ABUSE,1302739200000,District 8,Accept,Closed,-74.983051,40.08032
436,57,Black,Male,ABUSE OF AUTHORITY,1232496000000,District 9,REJECT,Closed,-75.183335,39.95482
437,35,Hispanic,Male,ABUSE OF AUTHORITY,1235347200000,District 9,AUDIT,Closed,-75.168326,39.925127
438,45,White,Male,ABUSE OF AUTHORITY,1239062400000,District 9,REJECT,Closed,-75.168215,39.954006
439,24,White,Female,LACK OF SERVICE,1239926400000,District 9,REJECT,Closed,-75.165064,39.95361
440,16,White,Male,ABUSE OF AUTHORITY,1249257600000,District 9,AUDIT,Open,-75.170669,39.950133
441,30,Black,Male,NO MISCONDUCT,1249516800000,District 9,REJECT,Closed,-75.16799,39.95501
442,47,White,Female,ABUSE OF AUTHORITY,1251244800000,District 9,REJECT,Closed,-75.188636,39.969927
443,27,Black,Female,ABUSE OF AUTHORITY,1255996800000,District 9,ACCEPT,Open,-75.173948,39.959004
444,16,Black,Male,PHYSICAL ABUSE,1257379200000,District 9,ACCEPT,Open,-75.160454,39.967064
445,24,White,Male,PHYSICAL ABUSE,1258675200000,District 9,ACCEPT,Closed,-75.165228,39.952578
446,0,Black,Female,PHYSICAL ABUSE,1264550400000,District 9,NAR,Closed,-75.233691,39.976644
447,33,Black,Male,ABUSE OF AUTHORITY,1267920000000,District 9,ACCEPT,Open,-75.206976,39.969103
448,28,Black,Male,ABUSE OF AUTHORITY,1268611200000,District 9,REJECT,Closed,-75.165941,39.949555
449,48,Hispanic,Female,ABUSE OF AUTHORITY,1279670400000,District 9,REJECT,Closed,-75.168009,39.962508
450,43,Black,Male,ABUSE OF AUTHORITY,1284595200000,District 9,AUDIT,Open,-75.209249,40.002413
451,47,Black,Female,ABUSE OF AUTHORITY,1294876800000,District 9, ,Open,-75.166592,39.969389
452,54,White,Male,ABUSE OF AUTHORITY,1297123200000,District 9,REJECT,Closed,-75.168905,39.958423
453,39,Black,Male,ABUSE OF AUTHORITY,1315958400000,District 9,Audit,Closed,-75.170986,39.963576
454,79,White,Female,LACK OF SERVICE,1351036800000,District 9,AUDIT,Open,-75.173184,39.962499
455,29,Black,Female,NON-JURISDICTIONAL,1354579200000,FJD Warrant Unit,REJECT,Closed,-75.176477,39.986008
